id,first_name,last_name,email,gender,ip_address
1,Nobie,Wordesworth,nwordesworth0@reuters.com,Male,244.210.25.77
2,Patience,Persehouse,ppersehouse1@webs.com,Female,68.113.236.64
3,Livvyy,Donahue,ldonahue2@hostgator.com,Female,100.41.127.236
4,Teirtza,Ivasechko,tivasechko3@tamu.edu,Female,157.235.6.232
5,Wiley,Lambin,wlambin4@oakley.com,Male,192.64.55.90
6,Kendre,Risman,krisman5@nih.gov,Female,155.45.23.189
7,Reese,Beedham,rbeedham6@1688.com,Male,95.37.184.155
8,Ki,Drennan,kdrennan7@prnewswire.com,Female,83.161.68.163
9,Margie,Kalaher,mkalaher8@photobucket.com,Female,79.133.44.197
10,Lenee,Heady,lheady9@blog.com,Female,205.225.112.231
11,Whitney,Siddle,wsiddlea@seattletimes.com,Female,93.217.57.112
12,Payton,Standrin,pstandrinb@plala.or.jp,Male,95.6.154.168
13,Sarah,Janaud,sjanaudc@delicious.com,Genderqueer,131.90.157.216
14,Khalil,Bofield,kbofieldd@angelfire.com,Male,174.22.63.99
15,Goddart,Iacomo,giacomoe@i2i.jp,Male,84.232.168.114
16,Tobey,Posselow,tposselowf@bloomberg.com,Polygender,48.216.13.229
17,Malia,Klimontovich,mklimontovichg@phpbb.com,Female,83.122.38.200
18,Melisande,Tremethack,mtremethackh@prlog.org,Female,32.249.135.179
19,Fabiano,Mc Grath,fmcgrathi@list-manage.com,Male,177.204.125.182
20,Beryle,Strowger,bstrowgerj@census.gov,Non-binary,163.22.229.218
21,Mike,Eickhoff,meickhoffk@wiley.com,Male,170.89.119.73
22,Ashley,Tarquini,atarquinil@hud.gov,Male,23.91.37.20
23,Amitie,Teodori,ateodorim@jalbum.net,Female,144.249.174.225
24,Juliana,Zorn,jzornn@chronoengine.com,Female,101.99.69.186
25,Loella,Eneas,leneaso@usda.gov,Female,139.102.30.3
26,Adlai,Tonge,atongep@columbia.edu,Male,254.65.34.225
27,Shay,Upshall,supshallq@merriam-webster.com,Polygender,200.135.246.96
28,Meade,Farry,mfarryr@macromedia.com,Male,76.40.61.181
29,Noellyn,Spellard,nspellards@github.io,Female,65.135.195.163
30,Orrin,Bleddon,obleddont@senate.gov,Male,116.131.163.248
31,Enrika,Goudie,egoudieu@blogspot.com,Female,225.180.143.108
32,Ignaz,MacUchadair,imacuchadairv@nature.com,Male,248.175.227.199
33,Lea,Shouler,lshoulerw@hostgator.com,Female,56.107.151.139
34,Giffer,Weatherby,gweatherbyx@cam.ac.uk,Male,242.79.201.159
35,Man,Veltmann,mveltmanny@blogger.com,Male,134.255.210.186
36,Lothaire,Yanov,lyanovz@kickstarter.com,Male,26.226.115.41
37,Omero,Roma,oroma10@intel.com,Male,238.97.13.186
38,Trina,Basilotta,tbasilotta11@nifty.com,Female,17.48.245.204
39,Esme,Larsen,elarsen12@biblegateway.com,Male,216.177.48.234
40,Barth,Fevers,bfevers13@amazonaws.com,Genderqueer,103.251.161.218
41,Marney,Penlington,mpenlington14@mayoclinic.com,Female,101.61.91.93
42,Freeland,Francisco,ffrancisco15@51.la,Male,84.172.228.186
43,Justus,Wratten,jwratten16@php.net,Male,248.41.126.109
44,Zarah,Grishunin,zgrishunin17@reference.com,Female,18.48.62.162
45,Frederik,Jirzik,fjirzik18@nhs.uk,Non-binary,100.219.39.238
46,Brannon,Atlay,batlay19@ask.com,Male,152.224.224.199
47,Eadith,Cunnell,ecunnell1a@examiner.com,Female,100.124.88.78
48,Jenna,Farnorth,jfarnorth1b@usnews.com,Non-binary,116.196.40.247
49,Loydie,Gallyhaock,lgallyhaock1c@istockphoto.com,Male,213.205.170.221
50,Nerty,Dillimore,ndillimore1d@sitemeter.com,Female,224.52.100.160
51,Sayer,Crunden,scrunden1e@dell.com,Male,86.35.47.218
52,Tedie,Russ,truss1f@blogger.com,Male,108.154.28.222
53,Benjie,Grute,bgrute1g@etsy.com,Male,31.249.149.38
54,Zitella,Hortop,zhortop1h@taobao.com,Genderqueer,247.209.58.108
55,Chaunce,Vereker,cvereker1i@stumbleupon.com,Male,182.252.47.166
56,Olly,Eakle,oeakle1j@shareasale.com,Female,193.120.191.220
57,Kennett,Chazette,kchazette1k@aboutads.info,Male,125.39.239.174
58,Kimberlee,Petrescu,kpetrescu1l@hugedomains.com,Female,132.144.231.12
59,Boyd,Manger,bmanger1m@bigcartel.com,Male,81.160.14.209
60,Otho,Trouncer,otrouncer1n@homestead.com,Male,176.18.26.121
61,Val,Tallant,vtallant1o@smh.com.au,Male,157.252.149.226
62,Noel,Jacob,njacob1p@npr.org,Female,218.1.141.104
63,Lacy,Diggins,ldiggins1q@ebay.co.uk,Female,187.65.36.70
64,Kristo,Gherardini,kgherardini1r@storify.com,Male,197.116.237.154
65,Heddie,Acutt,hacutt1s@histats.com,Female,121.171.119.101
66,Salvatore,Garlant,sgarlant1t@washington.edu,Male,177.250.135.125
67,Hesther,Strafen,hstrafen1u@bing.com,Female,127.214.161.103
68,Jemmie,McOwan,jmcowan1v@ucoz.ru,Female,223.23.231.225
69,Tally,Matussov,tmatussov1w@wikimedia.org,Female,195.1.111.44
70,Emelyne,Denkel,edenkel1x@hexun.com,Female,46.164.91.236
71,Brynn,Blair,bblair1y@qq.com,Female,175.139.126.203
72,Sinclare,Duval,sduval1z@squarespace.com,Male,113.208.147.107
73,Shermie,Pencott,spencott20@elegantthemes.com,Male,221.110.110.191
74,Rene,Kahane,rkahane21@tamu.edu,Female,188.202.77.164
75,Gretchen,Bacon,gbacon22@unblog.fr,Bigender,152.62.224.218
76,Hakim,Scrafton,hscrafton23@lycos.com,Male,115.204.245.253
77,Janella,Ruger,jruger24@huffingtonpost.com,Female,101.21.134.39
78,Betsy,Calven,bcalven25@eepurl.com,Female,232.182.22.251
79,Chip,Winsome,cwinsome26@bloglovin.com,Male,162.130.51.34
80,Hattie,Clewett,hclewett27@eepurl.com,Female,106.172.16.39
81,Gipsy,Horribine,ghorribine28@bbb.org,Female,201.162.131.213
82,Nowell,Confait,nconfait29@is.gd,Male,201.146.202.75
83,Godard,Adnet,gadnet2a@hugedomains.com,Male,197.160.120.99
84,Merissa,McMurdo,mmcmurdo2b@businessinsider.com,Female,163.34.14.212
85,Nicholas,Ducker,nducker2c@tinypic.com,Non-binary,61.224.100.254
86,Rudyard,Jardein,rjardein2d@google.de,Male,172.59.149.186
87,Anitra,Wharram,awharram2e@sina.com.cn,Female,162.114.146.250
88,Stephenie,Gealle,sgealle2f@squidoo.com,Female,199.71.153.82
89,Hazel,Hazeldene,hhazeldene2g@ftc.gov,Male,71.72.124.216
90,Enrica,Copnell,ecopnell2h@studiopress.com,Female,240.131.83.75
91,Cheryl,Penk,cpenk2i@nbcnews.com,Female,235.161.33.90
92,Demetra,Guppy,dguppy2j@marriott.com,Female,97.209.202.29
93,Sharron,Drain,sdrain2k@wsj.com,Genderfluid,220.192.128.130
94,Richmound,Chaudron,rchaudron2l@nydailynews.com,Male,82.123.240.107
95,Demeter,Mungan,dmungan2m@about.com,Female,80.141.2.64
96,Min,Fudger,mfudger2n@amazon.co.jp,Female,128.91.190.6
97,Rosamund,Saltern,rsaltern2o@dagondesign.com,Female,178.239.98.245
98,Tracy,Chisholme,tchisholme2p@answers.com,Female,85.215.100.160
99,Remus,Hazelhurst,rhazelhurst2q@amazon.de,Male,35.164.253.78
100,Edd,Zapatero,ezapatero2r@reference.com,Male,73.163.144.251
101,Gerek,Scranney,gscranney2s@google.ca,Male,220.3.202.176
102,Tootsie,Gertray,tgertray2t@cyberchimps.com,Female,160.157.165.217
103,Leontine,Chadbourn,lchadbourn2u@sciencedirect.com,Female,45.212.195.2
104,Tiffi,Lyttle,tlyttle2v@webeden.co.uk,Female,114.209.255.37
105,Shanan,Croxley,scroxley2w@usgs.gov,Male,230.28.158.254
106,Trefor,Goundsy,tgoundsy2x@alexa.com,Male,254.90.250.12
107,Ulrich,Heephy,uheephy2y@bandcamp.com,Male,163.224.184.51
108,Geneva,McGurn,gmcgurn2z@bloglovin.com,Female,76.145.135.113
109,Essy,Golston,egolston30@guardian.co.uk,Female,78.110.218.166
110,Papageno,Proudler,pproudler31@ucsd.edu,Male,33.208.8.64
111,Miguelita,MacPeice,mmacpeice32@ovh.net,Female,118.22.230.90
112,Latia,Tuff,ltuff33@github.com,Female,127.110.188.24
113,Wyndham,Liebmann,wliebmann34@mapy.cz,Male,48.205.166.160
114,Helaine,Everest,heverest35@tiny.cc,Female,210.88.103.205
115,Emlynn,Tamblyn,etamblyn36@businessweek.com,Female,48.212.149.105
116,Pancho,Battlestone,pbattlestone37@printfriendly.com,Male,0.142.172.7
117,Orran,McGebenay,omcgebenay38@wufoo.com,Male,85.87.151.209
118,Dinnie,Burden,dburden39@studiopress.com,Female,53.126.247.239
119,Gardiner,Billie,gbillie3a@csmonitor.com,Male,115.10.233.57
120,Viki,Pilley,vpilley3b@mashable.com,Female,139.44.129.125
121,Innis,McGerraghty,imcgerraghty3c@parallels.com,Male,195.150.32.215
122,Phillie,Petyankin,ppetyankin3d@creativecommons.org,Female,18.46.120.138
123,Trude,McConnal,tmcconnal3e@ow.ly,Female,9.85.122.76
124,Jesse,Roj,jroj3f@cam.ac.uk,Female,112.185.182.44
125,Parry,Skilton,pskilton3g@fc2.com,Male,211.167.170.103
126,Arlee,Whiscard,awhiscard3h@ted.com,Female,225.50.241.148
127,Minnie,Farnsworth,mfarnsworth3i@nydailynews.com,Female,147.91.114.129
128,Briny,Durtnal,bdurtnal3j@mlb.com,Female,229.30.1.165
129,Luci,MacCoughen,lmaccoughen3k@opera.com,Female,217.23.189.169
130,Riki,de Glanville,rdeglanville3l@independent.co.uk,Female,204.44.157.90
131,Lulu,Webby,lwebby3m@prnewswire.com,Female,83.252.212.116
132,Bella,Breheny,bbreheny3n@desdev.cn,Female,173.118.254.192
133,Nicky,Mossom,nmossom3o@wikia.com,Female,112.169.97.28
134,Bernie,Helder,bhelder3p@barnesandnoble.com,Male,216.138.254.195
135,Son,Willison,swillison3q@issuu.com,Male,57.72.109.50
136,Marcel,Eddleston,meddleston3r@t-online.de,Male,194.223.251.157
137,Grata,Threadgall,gthreadgall3s@google.pl,Female,103.195.109.90
138,Bradly,Davy,bdavy3t@biglobe.ne.jp,Male,16.195.215.55
139,Germaine,Braidford,gbraidford3u@hud.gov,Female,196.89.25.103
140,Gratiana,Galbreath,ggalbreath3v@vinaora.com,Female,142.39.2.148
141,Raina,Gilfether,rgilfether3w@discovery.com,Female,248.185.92.155
142,Natalie,Broadbridge,nbroadbridge3x@auda.org.au,Female,253.243.171.10
143,Bronson,Boreham,bboreham3y@bizjournals.com,Male,252.21.60.54
144,Antonino,Jacmar,ajacmar3z@miibeian.gov.cn,Male,12.184.155.2
145,Aubrey,Timbridge,atimbridge40@seattletimes.com,Male,97.145.2.67
146,Arlene,MacCaughey,amaccaughey41@nba.com,Female,27.33.143.69
147,Nanny,Dalman,ndalman42@oaic.gov.au,Female,216.27.79.27
148,Dinnie,Devorill,ddevorill43@last.fm,Female,103.168.122.60
149,Maggee,Emmins,memmins44@vistaprint.com,Female,75.32.240.232
150,Tanny,Mountlow,tmountlow45@mac.com,Male,134.73.34.71
151,Charil,Carden,ccarden46@instagram.com,Female,119.115.131.140
152,Felizio,Onslow,fonslow47@ifeng.com,Male,31.48.30.199
153,Mozelle,Skerm,mskerm48@princeton.edu,Female,168.57.23.252
154,Dolores,Bernardos,dbernardos49@scientificamerican.com,Female,28.200.118.66
155,Kayne,Rawlence,krawlence4a@google.pl,Male,120.26.233.37
156,Marsiella,Dye,mdye4b@bloomberg.com,Non-binary,58.100.28.44
157,Talia,Bere,tbere4c@stanford.edu,Agender,49.150.76.26
158,Cullin,Shergill,cshergill4d@indiatimes.com,Male,1.70.223.178
159,Caitrin,Lewerenz,clewerenz4e@cisco.com,Female,0.41.78.228
160,Dale,MacPaik,dmacpaik4f@globo.com,Female,215.214.188.158
161,Roda,Behning,rbehning4g@google.cn,Female,81.144.129.150
162,Rebecka,Klousner,rklousner4h@booking.com,Female,212.50.99.221
163,Theda,Sallarie,tsallarie4i@moonfruit.com,Female,71.28.231.85
164,Courtnay,McCandless,cmccandless4j@lycos.com,Agender,214.238.213.77
165,Kelci,Sleith,ksleith4k@soup.io,Female,25.28.211.96
166,Darcy,Walcher,dwalcher4l@creativecommons.org,Male,130.151.124.62
167,Fredrick,Leathard,fleathard4m@independent.co.uk,Male,11.140.138.65
168,Christiano,Konneke,ckonneke4n@yolasite.com,Male,132.173.17.143
169,Ninetta,Tabner,ntabner4o@joomla.org,Genderfluid,146.39.153.160
170,Kimberlee,Angeli,kangeli4p@cbc.ca,Female,91.96.132.222
171,Philomena,Bougourd,pbougourd4q@example.com,Genderfluid,69.26.234.89
172,Quill,Cardenosa,qcardenosa4r@ameblo.jp,Male,75.70.115.235
173,Trev,Malins,tmalins4s@deliciousdays.com,Male,125.39.216.139
174,Lyell,Bohlens,lbohlens4t@google.co.jp,Bigender,8.12.38.46
175,Tiebout,Gylle,tgylle4u@so-net.ne.jp,Male,131.18.100.236
176,Alic,Plevin,aplevin4v@livejournal.com,Male,158.207.61.191
177,Jonathon,Grishaev,jgrishaev4w@angelfire.com,Male,199.50.127.147
178,Pru,Amber,pamber4x@drupal.org,Female,128.222.218.19
179,Ban,Shankle,bshankle4y@discuz.net,Male,69.123.220.165
180,Brennen,Breyt,bbreyt4z@sciencedirect.com,Male,241.209.3.248
181,Stevy,Matches,smatches50@state.tx.us,Genderqueer,195.77.191.79
182,Leontine,Udey,ludey51@nbcnews.com,Female,199.18.42.177
183,Dru,Currao,dcurrao52@mit.edu,Female,96.74.139.203
184,Leshia,Fyrth,lfyrth53@dropbox.com,Female,20.198.106.113
185,Vinnie,Eckert,veckert54@baidu.com,Male,190.63.203.171
186,Melisent,Gergler,mgergler55@bing.com,Female,156.165.149.54
187,Katee,Boone,kboone56@skyrock.com,Female,6.225.48.28
188,Lyman,Jadczak,ljadczak57@altervista.org,Non-binary,7.186.243.27
189,Evvy,Bushe,ebushe58@com.com,Female,1.58.228.91
190,Maureen,Peacocke,mpeacocke59@elegantthemes.com,Female,116.158.136.171
191,Nels,Groneway,ngroneway5a@nsw.gov.au,Male,230.92.201.47
192,Whittaker,Brownscombe,wbrownscombe5b@msn.com,Male,208.200.164.17
193,Serene,Ertel,sertel5c@oaic.gov.au,Female,161.185.17.31
194,Goddard,Ambrosi,gambrosi5d@google.cn,Male,249.143.54.184
195,Legra,Pearce,lpearce5e@posterous.com,Female,41.163.75.121
196,Suzanne,Matteucci,smatteucci5f@sitemeter.com,Female,175.167.60.196
197,Lise,Klima,lklima5g@ibm.com,Female,205.15.4.212
198,Augy,Wark,awark5h@123-reg.co.uk,Male,150.104.126.170
199,Cosetta,Sharplin,csharplin5i@umn.edu,Female,111.208.157.119
200,Paulie,Tambling,ptambling5j@arizona.edu,Female,246.227.233.59
201,Damara,Ollenbuttel,dollenbuttel5k@ning.com,Bigender,142.160.206.35
202,Frieda,Cottel,fcottel5l@hatena.ne.jp,Female,120.122.101.167
203,Ky,Ricardou,kricardou5m@state.tx.us,Male,13.120.38.236
204,Julie,Edmonds,jedmonds5n@guardian.co.uk,Male,125.0.11.38
205,Holmes,Timbridge,htimbridge5o@un.org,Male,41.4.110.201
206,Anette,Jindracek,ajindracek5p@google.nl,Female,210.2.111.220
207,Jeff,Bizzey,jbizzey5q@reference.com,Male,226.70.53.60
208,Ardith,Mathevet,amathevet5r@google.com.br,Female,70.202.147.194
209,Grace,Laminman,glaminman5s@soundcloud.com,Female,143.116.211.103
210,Thomasine,Daniello,tdaniello5t@hud.gov,Female,59.226.127.48
211,Corey,Tomczykiewicz,ctomczykiewicz5u@wix.com,Male,102.38.162.92
212,Dougy,Catherall,dcatherall5v@ftc.gov,Male,215.234.197.3
213,Cy,Peedell,cpeedell5w@shareasale.com,Male,135.104.165.119
214,Brantley,Buglar,bbuglar5x@reddit.com,Bigender,111.15.251.64
215,Clarabelle,Mugford,cmugford5y@berkeley.edu,Bigender,131.146.208.67
216,Sarge,Shotton,sshotton5z@bbb.org,Male,43.249.202.147
217,Nico,Van Der Hoog,nvanderhoog60@reddit.com,Male,25.136.235.111
218,Karalynn,Patis,kpatis61@blinklist.com,Female,171.122.161.161
219,Rickard,Jakobssen,rjakobssen62@chronoengine.com,Male,94.245.231.18
220,Everett,Brayley,ebrayley63@cyberchimps.com,Non-binary,225.39.47.143
221,Emmanuel,Bache,ebache64@cornell.edu,Male,230.55.150.61
222,Murial,Heel,mheel65@ycombinator.com,Female,187.193.69.176
223,Meara,Filipychev,mfilipychev66@squidoo.com,Female,195.82.101.48
224,Marwin,Haken,mhaken67@devhub.com,Male,3.242.121.75
225,Cornelius,Sharp,csharp68@nbcnews.com,Male,10.33.165.107
226,Everett,Lutwidge,elutwidge69@weibo.com,Male,94.230.3.164
227,Kate,Benardet,kbenardet6a@sphinn.com,Female,141.98.165.149
228,Nils,Chaff,nchaff6b@google.cn,Male,232.197.204.18
229,Carroll,Baake,cbaake6c@surveymonkey.com,Agender,119.240.131.253
230,Sigrid,Ralphs,sralphs6d@technorati.com,Female,155.104.211.227
231,Liesa,Betteney,lbetteney6e@jalbum.net,Female,250.172.185.28
232,Dorena,Bickersteth,dbickersteth6f@google.ca,Female,60.35.195.55
233,Yasmeen,Matheson,ymatheson6g@state.tx.us,Female,120.192.137.126
234,Abbie,Whitwell,awhitwell6h@liveinternet.ru,Male,46.92.217.178
235,Carmel,Simonian,csimonian6i@yelp.com,Female,25.230.78.133
236,Demeter,Toffler,dtoffler6j@barnesandnoble.com,Female,23.198.213.116
237,Joe,Caro,jcaro6k@clickbank.net,Male,91.10.115.53
238,Nathalia,Di Carlo,ndicarlo6l@1688.com,Female,20.236.83.170
239,Farr,Van Halen,fvanhalen6m@discovery.com,Male,207.61.82.220
240,Lyndell,Moncreiff,lmoncreiff6n@paypal.com,Female,0.241.143.31
241,Bethena,Goult,bgoult6o@dagondesign.com,Female,224.193.196.30
242,Alejoa,Doolan,adoolan6p@51.la,Male,82.206.73.38
243,Milt,Gooden,mgooden6q@ft.com,Male,37.156.43.248
244,Janina,Adin,jadin6r@t-online.de,Female,108.158.183.221
245,Lincoln,Josebury,ljosebury6s@state.tx.us,Male,177.76.106.234
246,Dolli,Pauly,dpauly6t@feedburner.com,Female,108.84.165.46
247,Deny,Zanetto,dzanetto6u@bigcartel.com,Female,138.40.108.107
248,Reade,Radden,rradden6v@uiuc.edu,Male,3.223.251.83
249,Nial,Davana,ndavana6w@list-manage.com,Male,70.222.240.103
250,Osmond,Reynolds,oreynolds6x@harvard.edu,Male,143.61.191.201
251,Stacee,Lovelady,slovelady6y@webs.com,Female,92.204.227.214
252,Joshia,Netting,jnetting6z@dedecms.com,Male,6.228.15.40
253,Georgy,Brimming,gbrimming70@google.fr,Male,131.123.81.3
254,Berne,Redier,bredier71@dyndns.org,Male,226.205.118.233
255,Griffie,Pragnall,gpragnall72@naver.com,Male,154.100.122.207
256,Roma,Blaymires,rblaymires73@yandex.ru,Male,14.20.109.43
257,Jena,Tick,jtick74@tumblr.com,Female,183.235.84.155
258,Upton,Maciak,umaciak75@biglobe.ne.jp,Male,120.71.10.204
259,Raoul,Todman,rtodman76@mapy.cz,Male,81.188.84.140
260,Paddie,Portugal,pportugal77@ted.com,Male,1.254.147.125
261,Shandra,Gahagan,sgahagan78@toplist.cz,Female,201.10.94.176
262,Ruperto,Alliband,ralliband79@cyberchimps.com,Male,173.212.183.94
263,Emilee,Nowell,enowell7a@scientificamerican.com,Bigender,81.181.201.11
264,Kaiser,Gadsden,kgadsden7b@marketwatch.com,Male,242.44.182.161
265,Gerrilee,Scuffham,gscuffham7c@networksolutions.com,Female,128.24.51.94
266,Barrett,Abbitt,babbitt7d@mit.edu,Agender,86.205.20.144
267,Mortie,Loddy,mloddy7e@google.ru,Male,121.151.23.82
268,Orland,Dreghorn,odreghorn7f@indiegogo.com,Male,161.69.14.32
269,Drusy,Trudgeon,dtrudgeon7g@dedecms.com,Bigender,31.136.109.16
270,Brooke,Eloi,beloi7h@theatlantic.com,Male,81.71.188.17
271,Christoph,Murby,cmurby7i@comcast.net,Male,11.126.129.47
272,Lauren,Nibley,lnibley7j@home.pl,Female,180.128.142.244
273,Ofelia,Puzey,opuzey7k@cloudflare.com,Non-binary,139.182.17.71
274,Robinett,Noorwood,rnoorwood7l@forbes.com,Female,210.166.7.31
275,Nealon,St. Ledger,nstledger7m@goo.gl,Male,235.123.124.96
276,Jamie,Druitt,jdruitt7n@ox.ac.uk,Female,150.12.124.145
277,Blondell,Riguard,briguard7o@yellowbook.com,Female,229.237.98.50
278,Adolph,MacNucator,amacnucator7p@businessweek.com,Male,198.171.119.236
279,Casar,Stopher,cstopher7q@nbcnews.com,Male,142.10.239.185
280,Deanna,Pavel,dpavel7r@irs.gov,Female,23.108.163.232
281,Even,Maceur,emaceur7s@creativecommons.org,Male,160.173.220.61
282,Mitchel,Defond,mdefond7t@ibm.com,Male,198.105.129.72
283,Eb,Domerque,edomerque7u@ca.gov,Male,47.36.80.9
284,Rebbecca,Rivalant,rrivalant7v@newyorker.com,Female,195.185.77.201
285,Fernande,Edmand,fedmand7w@phoca.cz,Female,185.188.114.31
286,Federica,Poncet,fponcet7x@multiply.com,Female,53.143.51.91
287,Shelton,Curless,scurless7y@artisteer.com,Polygender,170.33.201.74
288,Horace,Kock,hkock7z@angelfire.com,Male,106.9.18.133
289,Skye,Haining,shaining80@t-online.de,Male,155.4.140.22
290,Hal,Drennan,hdrennan81@blog.com,Male,64.250.203.14
291,Paulina,Borris,pborris82@fda.gov,Female,64.215.133.155
292,Matias,Capron,mcapron83@ucla.edu,Male,224.204.46.132
293,Ashia,Tevelov,atevelov84@tmall.com,Female,245.30.105.9
294,Daniella,Gladdor,dgladdor85@washingtonpost.com,Female,142.47.136.208
295,Tades,Dowker,tdowker86@msn.com,Male,240.59.223.127
296,Sophronia,Allchin,sallchin87@oaic.gov.au,Female,0.138.69.241
297,Dorian,Penwright,dpenwright88@cdc.gov,Male,64.241.209.69
298,Durante,Baldazzi,dbaldazzi89@163.com,Male,72.77.96.103
299,Cyndia,Noye,cnoye8a@sohu.com,Female,99.114.138.235
300,Jean,Patridge,jpatridge8b@nifty.com,Male,168.116.73.222
301,Averil,Hammon,ahammon8c@msn.com,Female,200.147.219.161
302,Shane,Kilroy,skilroy8d@harvard.edu,Male,151.234.102.8
303,Carey,Worlock,cworlock8e@weibo.com,Male,255.109.34.165
304,Ivette,Island,iisland8f@nyu.edu,Female,111.112.59.143
305,Innis,Stucke,istucke8g@bing.com,Male,138.98.60.222
306,Larisa,Fenlon,lfenlon8h@chicagotribune.com,Female,78.87.156.239
307,Kevin,Gonthard,kgonthard8i@wunderground.com,Male,66.61.109.54
308,Amery,Kells,akells8j@sitemeter.com,Male,27.204.197.131
309,Fredrika,Galliver,fgalliver8k@wp.com,Female,30.140.2.140
310,Jeremias,Preedy,jpreedy8l@vinaora.com,Male,241.251.241.9
311,Olivie,Rosendall,orosendall8m@meetup.com,Non-binary,215.240.213.39
312,Analise,Folbigg,afolbigg8n@cam.ac.uk,Female,37.119.12.134
313,Simmonds,Bruineman,sbruineman8o@omniture.com,Male,93.175.48.172
314,Kimbra,Bagwell,kbagwell8p@ucla.edu,Female,151.93.233.233
315,Syd,Keddey,skeddey8q@miitbeian.gov.cn,Male,102.99.203.180
316,Cullan,Moral,cmoral8r@bandcamp.com,Male,22.143.240.123
317,Aldous,Assandri,aassandri8s@mapy.cz,Male,238.10.4.121
318,Nikolia,Greeson,ngreeson8t@bandcamp.com,Female,42.228.246.235
319,Edee,Croydon,ecroydon8u@weather.com,Female,56.70.134.10
320,Fonz,Gerson,fgerson8v@hhs.gov,Male,76.12.113.215
321,Barri,Fortman,bfortman8w@bloglines.com,Male,214.110.82.246
322,Gallagher,Baggett,gbaggett8x@senate.gov,Male,80.231.106.89
323,Lenci,Bernaert,lbernaert8y@newsvine.com,Male,252.151.244.207
324,Brynne,Ruthen,bruthen8z@ftc.gov,Female,133.36.63.94
325,Lin,Bednall,lbednall90@upenn.edu,Male,159.193.212.241
326,Pierrette,Morais,pmorais91@blogtalkradio.com,Female,63.184.121.12
327,Nollie,Jeacop,njeacop92@taobao.com,Female,133.223.134.47
328,Colline,Bettleson,cbettleson93@va.gov,Female,49.205.141.75
329,Jimmie,Forsbey,jforsbey94@alexa.com,Male,125.212.100.43
330,Geoffry,Leonards,gleonards95@bluehost.com,Male,134.123.111.223
331,Alika,Matiasek,amatiasek96@ucoz.ru,Female,34.226.232.137
332,Ranee,Bradder,rbradder97@mail.ru,Female,253.60.247.183
333,Olivette,McGannon,omcgannon98@yahoo.co.jp,Female,55.29.125.215
334,Rasla,Van T'Hoog,rvanthoog99@simplemachines.org,Female,109.245.76.144
335,Demetria,Ventura,dventura9a@sogou.com,Female,119.194.193.63
336,Tomkin,Jobbins,tjobbins9b@wp.com,Male,109.55.41.178
337,Britta,Pengilley,bpengilley9c@dailymotion.com,Female,210.32.74.138
338,Kristal,Zannetti,kzannetti9d@examiner.com,Female,209.112.148.172
339,Chrotoem,Fawloe,cfawloe9e@wired.com,Male,9.254.170.59
340,Carmita,Peplay,cpeplay9f@deviantart.com,Female,60.149.225.129
341,Raoul,Deeves,rdeeves9g@amazon.co.uk,Male,215.74.109.223
342,Jorge,Atterbury,jatterbury9h@ft.com,Male,31.129.60.34
343,Clarke,Gravet,cgravet9i@arstechnica.com,Male,254.68.206.166
344,Consalve,Sawers,csawers9j@toplist.cz,Agender,222.161.222.159
345,Marysa,Merritt,mmerritt9k@miibeian.gov.cn,Female,219.130.210.209
346,Starlene,MacCambridge,smaccambridge9l@house.gov,Female,138.197.32.92
347,Baxie,Lorryman,blorryman9m@lulu.com,Male,64.194.162.80
348,Correna,Saxelby,csaxelby9n@friendfeed.com,Female,23.159.107.153
349,Ray,Shenfisch,rshenfisch9o@opera.com,Female,33.223.113.31
350,Constanta,Cottam,ccottam9p@cornell.edu,Female,37.20.122.5
351,Bradan,Ellins,bellins9q@elpais.com,Male,11.105.190.246
352,Jenny,Jewis,jjewis9r@pcworld.com,Non-binary,75.79.58.19
353,Rutger,Maddams,rmaddams9s@over-blog.com,Male,229.132.124.151
354,Nolly,Gillimgham,ngillimgham9t@so-net.ne.jp,Male,173.18.130.96
355,Gilbert,McAusland,gmcausland9u@indiegogo.com,Agender,196.155.185.115
356,Elicia,Sellars,esellars9v@goo.ne.jp,Genderfluid,189.154.123.131
357,Cyrillus,Goede,cgoede9w@elegantthemes.com,Male,134.206.50.55
358,Orbadiah,McKeeman,omckeeman9x@about.com,Male,153.123.116.23
359,Ricky,Furst,rfurst9y@digg.com,Male,147.173.45.80
360,Kaleb,Godspede,kgodspede9z@unblog.fr,Male,174.198.182.190
361,Vincenty,Keele,vkeelea0@sbwire.com,Male,157.144.85.53
362,Dylan,Satyford,dsatyforda1@nhs.uk,Male,253.253.243.159
363,Salvatore,Kline,sklinea2@posterous.com,Genderqueer,59.121.248.194
364,Bryant,Sweynson,bsweynsona3@google.com,Male,251.200.171.114
365,Marilee,Adolthine,madolthinea4@disqus.com,Female,64.76.208.21
366,Ruttger,Mixon,rmixona5@noaa.gov,Male,97.99.23.5
367,Marc,Dallemore,mdallemorea6@princeton.edu,Male,213.155.251.194
368,Eziechiele,Robillard,erobillarda7@taobao.com,Male,89.206.123.122
369,Zenia,Medd,zmedda8@techcrunch.com,Female,72.201.4.230
370,Ted,Valerio,tvalerioa9@reference.com,Male,220.54.130.102
371,Aharon,Muro,amuroaa@fastcompany.com,Agender,79.115.51.183
372,Dagny,Chittleburgh,dchittleburghab@mtv.com,Male,174.19.62.19
373,Tally,Creasey,tcreaseyac@cafepress.com,Female,71.26.235.81
374,Jolie,Vipan,jvipanad@intel.com,Female,23.64.142.67
375,Belle,Brolly,bbrollyae@npr.org,Female,10.196.41.196
376,Bertram,Buckeridge,bbuckeridgeaf@hp.com,Male,137.8.233.100
377,Israel,Ferrar,iferrarag@edublogs.org,Male,33.155.193.179
378,Jillane,Davydychev,jdavydychevah@multiply.com,Genderfluid,24.188.205.208
379,Lusa,Tofano,ltofanoai@sina.com.cn,Female,52.95.175.123
380,Larisa,Callington,lcallingtonaj@com.com,Female,68.137.198.55
381,Scotty,Jennrich,sjennrichak@miitbeian.gov.cn,Male,170.182.206.238
382,Ania,Giddy,agiddyal@mozilla.org,Female,125.86.178.224
383,Sidonia,Adolf,sadolfam@shop-pro.jp,Female,144.42.3.32
384,Ichabod,Yackiminie,iyackiminiean@desdev.cn,Male,216.65.119.108
385,Elly,Guillerman,eguillermanao@flickr.com,Female,173.140.126.190
386,Clemmie,Amorine,camorineap@issuu.com,Male,103.0.216.184
387,Ammamaria,Yarnton,ayarntonaq@gravatar.com,Female,47.75.37.160
388,Zared,Woodcraft,zwoodcraftar@e-recht24.de,Male,42.21.119.158
389,Eleanor,Drinkhall,edrinkhallas@wordpress.org,Non-binary,254.102.178.59
390,Dicky,Leyban,dleybanat@omniture.com,Male,205.245.227.4
391,Lezley,Antrag,lantragau@slideshare.net,Male,8.90.103.174
392,Bert,Hurn,bhurnav@whitehouse.gov,Female,41.168.49.63
393,Patti,Gamlyn,pgamlynaw@bloomberg.com,Bigender,211.183.215.31
394,Jamaal,Learmond,jlearmondax@simplemachines.org,Male,32.58.202.144
395,Templeton,De Bruijn,tdebruijnay@sourceforge.net,Male,245.169.138.166
396,Marlyn,Lesor,mlesoraz@prnewswire.com,Female,88.118.21.193
397,Wilton,Hyne,whyneb0@chron.com,Male,111.254.123.254
398,Lora,Snowden,lsnowdenb1@yale.edu,Female,164.237.113.190
399,Nealy,Sawtell,nsawtellb2@amazon.co.uk,Male,113.128.245.162
400,Tedman,Joannidi,tjoannidib3@wordpress.org,Male,246.189.13.10
401,Augustine,Viccars,aviccarsb4@wordpress.org,Male,4.193.48.0
402,Noby,Skeldinge,nskeldingeb5@slashdot.org,Male,199.121.39.207
403,Diann,Swainsbury,dswainsburyb6@slashdot.org,Female,156.167.171.84
404,Derby,Gerrell,dgerrellb7@symantec.com,Male,94.77.190.248
405,Cyndi,Dovidian,cdovidianb8@nih.gov,Female,18.76.4.239
406,Eilis,Arnli,earnlib9@ustream.tv,Female,227.66.242.165
407,Cordy,Penhearow,cpenhearowba@cafepress.com,Polygender,106.25.158.231
408,Arie,Weinberg,aweinbergbb@slideshare.net,Male,250.112.103.33
409,Gilbert,Nesterov,gnesterovbc@wikispaces.com,Male,246.253.236.7
410,Brittan,Leakner,bleaknerbd@123-reg.co.uk,Genderqueer,136.157.98.1
411,Catina,Andrzejak,candrzejakbe@facebook.com,Female,207.200.172.225
412,Merle,Walduck,mwalduckbf@usnews.com,Male,133.190.87.131
413,Odo,Skentelbery,oskentelberybg@exblog.jp,Male,250.183.221.83
414,Valry,Rowes,vrowesbh@photobucket.com,Female,150.83.182.119
415,Ivy,Chater,ichaterbi@adobe.com,Female,139.136.252.239
416,Nertie,Fairfoot,nfairfootbj@yelp.com,Female,65.98.1.81
417,Torin,Cocker,tcockerbk@fema.gov,Male,151.208.130.122
418,Gerri,Galliver,ggalliverbl@ft.com,Male,74.1.162.68
419,Branden,Marton,bmartonbm@opera.com,Male,148.65.19.81
420,Kimmi,Spollen,kspollenbn@privacy.gov.au,Female,37.23.158.175
421,Rutger,Drackford,rdrackfordbo@squidoo.com,Male,71.5.20.204
422,Caryn,Garrould,cgarrouldbp@scribd.com,Female,112.53.233.111
423,Meredith,Spalding,mspaldingbq@tmall.com,Female,51.48.122.252
424,Dave,Hendrix,dhendrixbr@list-manage.com,Male,24.117.159.247
425,Baxy,Sanpere,bsanperebs@shutterfly.com,Male,49.131.22.241
426,Emelda,Carous,ecarousbt@cam.ac.uk,Female,198.96.84.132
427,Lonna,Goalby,lgoalbybu@marriott.com,Female,132.218.192.142
428,Bibby,Hafner,bhafnerbv@github.io,Agender,70.170.75.140
429,Brew,Overil,boverilbw@reference.com,Male,24.108.186.151
430,Harrison,Abley,hableybx@globo.com,Male,8.131.132.213
431,Ralf,Chettle,rchettleby@arizona.edu,Male,76.200.234.111
432,Alaine,McVitie,amcvitiebz@auda.org.au,Female,19.6.18.34
433,Ashby,Bicksteth,abickstethc0@shop-pro.jp,Male,213.200.229.107
434,Leta,Querree,lquerreec1@dagondesign.com,Female,68.199.76.90
435,Tanny,Buffin,tbuffinc2@slideshare.net,Male,192.160.94.37
436,Ric,Franzetti,rfranzettic3@blogspot.com,Male,41.179.42.14
437,Leigha,Firminger,lfirmingerc4@liveinternet.ru,Genderfluid,126.129.172.33
438,Rolph,Di Bartolommeo,rdibartolommeoc5@adobe.com,Male,10.157.234.164
439,Vachel,McGeachey,vmcgeacheyc6@wsj.com,Male,62.237.90.78
440,Samara,Stooders,sstoodersc7@pcworld.com,Female,158.71.2.123
441,Gretal,Beston,gbestonc8@t-online.de,Female,164.26.141.225
442,Guendolen,Neagle,gneaglec9@alexa.com,Female,148.155.63.134
443,Giraldo,Hamlet,ghamletca@hao123.com,Male,132.208.82.233
444,Odie,Swithenby,oswithenbycb@163.com,Male,63.236.14.253
445,Ross,Sager,rsagercc@oracle.com,Male,62.218.23.93
446,Aleda,Faulconbridge,afaulconbridgecd@cornell.edu,Female,226.91.169.124
447,Ford,Domelaw,fdomelawce@miibeian.gov.cn,Male,74.65.238.237
448,Fabe,Rounsefell,frounsefellcf@youku.com,Male,170.237.81.192
449,Jany,Consadine,jconsadinecg@epa.gov,Genderqueer,65.133.132.90
450,Bryanty,Rickhuss,brickhussch@sphinn.com,Male,238.106.238.65
451,Bernadette,Fabri,bfabrici@blogs.com,Female,52.227.225.217
452,Buffy,Theobald,btheobaldcj@imgur.com,Female,166.11.167.103
453,Sonia,McWhinnie,smcwhinnieck@independent.co.uk,Female,255.70.143.32
454,Meredeth,Serotsky,mserotskycl@businessweek.com,Male,152.226.2.58
455,Erena,Mandre,emandrecm@smh.com.au,Female,91.44.35.212
456,Jourdan,Haldin,jhaldincn@house.gov,Genderfluid,45.162.85.181
457,Thorin,McDool,tmcdoolco@hhs.gov,Male,4.152.52.171
458,Halette,Ellingford,hellingfordcp@e-recht24.de,Female,122.95.119.38
459,Gideon,Rankmore,grankmorecq@wunderground.com,Male,89.187.72.219
460,Koren,Thurborn,kthurborncr@hatena.ne.jp,Female,115.4.118.98
461,Angelita,Gilston,agilstoncs@clickbank.net,Female,29.71.217.226
462,Bennie,Storre,bstorrect@senate.gov,Female,118.81.187.214
463,Ivie,Otter,iottercu@bizjournals.com,Agender,133.4.64.37
464,Ricard,Soffe,rsoffecv@chicagotribune.com,Male,148.190.21.12
465,Eliza,Leap,eleapcw@surveymonkey.com,Polygender,52.143.17.251
466,Sean,Souness,ssounesscx@hc360.com,Male,62.33.97.222
467,Noak,Guisby,nguisbycy@clickbank.net,Male,125.208.209.83
468,Phillie,Smythe,psmythecz@engadget.com,Female,97.177.234.138
469,Berkly,Farquharson,bfarquharsond0@thetimes.co.uk,Genderfluid,37.22.34.19
470,Wylie,Fairest,wfairestd1@youtube.com,Male,144.243.212.205
471,Emory,Oldred,eoldredd2@flickr.com,Male,137.244.10.182
472,Gussie,Shemelt,gshemeltd3@bizjournals.com,Female,130.36.221.132
473,Karla,Cumberpatch,kcumberpatchd4@goo.ne.jp,Female,56.25.205.247
474,Randa,Jerrom,rjerromd5@army.mil,Female,191.80.62.133
475,Christos,Lowden,clowdend6@altervista.org,Male,59.175.251.180
476,Nerte,Thunderman,nthundermand7@digg.com,Female,75.225.44.63
477,Verla,Tant,vtantd8@fda.gov,Female,149.227.50.140
478,Shae,Sandford,ssandfordd9@dmoz.org,Male,110.101.234.15
479,Zebulen,Flieg,zfliegda@salon.com,Male,35.173.134.223
480,Menard,Nappin,mnappindb@sphinn.com,Male,168.60.150.28
481,Kele,Mallatratt,kmallatrattdc@dropbox.com,Male,86.52.56.248
482,Rollo,MacAnespie,rmacanespiedd@umn.edu,Male,116.4.102.248
483,Clarette,Quixley,cquixleyde@disqus.com,Female,140.160.209.228
484,Karyn,Birdall,kbirdalldf@tiny.cc,Non-binary,20.218.65.172
485,Ronna,Horsey,rhorseydg@forbes.com,Female,7.252.187.134
486,Melesa,Dinsdale,mdinsdaledh@marketwatch.com,Female,180.7.187.195
487,Pate,Howlings,phowlingsdi@furl.net,Male,155.71.73.204
488,Heddie,Degoix,hdegoixdj@usgs.gov,Genderqueer,181.44.73.56
489,Dewie,Wandless,dwandlessdk@addtoany.com,Male,203.149.54.222
490,Ozzie,Border,oborderdl@foxnews.com,Male,210.139.163.253
491,Gigi,Wickey,gwickeydm@last.fm,Female,23.58.42.98
492,Lorens,Ludlom,lludlomdn@buzzfeed.com,Male,244.214.243.178
493,Jake,McLaggan,jmclaggando@opensource.org,Male,31.122.47.126
494,Hermie,Housegoe,hhousegoedp@nsw.gov.au,Male,209.78.85.84
495,Clair,Hunday,chundaydq@freewebs.com,Female,172.233.160.114
496,Rhetta,Ciani,rcianidr@sciencedirect.com,Female,232.55.186.108
497,Bessie,Benzies,bbenziesds@prweb.com,Female,77.112.202.140
498,Claudina,Shere,csheredt@pbs.org,Female,128.26.197.135
499,Deeann,Cowgill,dcowgilldu@friendfeed.com,Genderqueer,244.169.46.10
500,Opal,Cheak,ocheakdv@upenn.edu,Female,216.235.131.200
501,Alexis,Morot,amorotdw@engadget.com,Female,73.58.178.4
502,Gordy,Coleman,gcolemandx@wufoo.com,Polygender,178.147.31.42
503,Dollie,Blann,dblanndy@indiegogo.com,Genderqueer,154.27.6.192
504,Mohandas,Verbrugge,mverbruggedz@drupal.org,Bigender,110.95.109.219
505,Kissiah,Oates,koatese0@bing.com,Female,9.230.158.63
506,Elianora,Minards,eminardse1@businesswire.com,Genderfluid,26.62.66.177
507,Orella,Loughran,oloughrane2@canalblog.com,Female,251.97.217.161
508,Colette,Crohan,ccrohane3@soup.io,Female,137.164.250.78
509,Aundrea,Giorgioni,agiorgionie4@drupal.org,Female,244.64.33.53
510,Reese,Egar,regare5@addtoany.com,Male,210.109.102.131
511,Carver,Spinage,cspinagee6@bandcamp.com,Male,174.35.140.62
512,Chev,Cracknell,ccracknelle7@craigslist.org,Male,195.208.83.6
513,Flora,Marjot,fmarjote8@uol.com.br,Female,78.117.96.161
514,Roshelle,Suett,rsuette9@marketwatch.com,Female,168.218.200.59
515,Dennet,Poundsford,dpoundsfordea@example.com,Male,159.208.13.145
516,Charlot,Vedekhov,cvedekhoveb@cocolog-nifty.com,Female,26.7.240.28
517,Cynthy,Gurnett,cgurnettec@google.com.au,Female,140.244.206.86
518,Floyd,Andren,fandrened@scientificamerican.com,Genderfluid,11.65.112.244
519,Angeli,Milmo,amilmoee@princeton.edu,Male,58.88.20.210
520,Rosita,Landells,rlandellsef@stumbleupon.com,Female,97.27.20.92
521,Berky,Lethley,blethleyeg@vinaora.com,Male,224.141.33.19
522,Mikael,Syms,msymseh@prnewswire.com,Male,207.240.105.76
523,Corette,Rafferty,craffertyei@utexas.edu,Genderfluid,227.234.216.253
524,Leone,Suston,lsustonej@cbc.ca,Female,207.95.178.86
525,Klara,Simmig,ksimmigek@nydailynews.com,Female,55.166.103.183
526,Inez,Maillard,imaillardel@techcrunch.com,Female,137.37.77.160
527,Janean,McClifferty,jmccliffertyem@themeforest.net,Non-binary,5.251.118.55
528,Robby,Plowell,rplowellen@amazon.co.uk,Male,11.147.195.212
529,Chastity,Grimbaldeston,cgrimbaldestoneo@ucla.edu,Female,91.254.160.126
530,Bastian,Meneghi,bmeneghiep@netlog.com,Male,145.101.242.101
531,Jenda,Flescher,jfleschereq@rediff.com,Female,119.75.235.123
532,Elka,McClenaghan,emcclenaghaner@eventbrite.com,Female,238.9.115.77
533,Aindrea,Ayto,aaytoes@indiatimes.com,Female,107.168.91.140
534,Starla,Tigwell,stigwellet@netlog.com,Female,175.119.157.54
535,Juliann,Taylerson,jtaylersoneu@moonfruit.com,Female,250.244.171.4
536,Phylys,Rapper,prapperev@pbs.org,Female,161.97.118.114
537,Carlin,Magenny,cmagennyew@senate.gov,Female,77.214.235.168
538,Garret,Norvel,gnorvelex@army.mil,Male,186.158.129.242
539,Ambur,Henworth,ahenworthey@ucla.edu,Female,69.79.67.106
540,Jaine,Anthes,janthesez@cafepress.com,Female,107.121.107.15
541,Gerri,McPike,gmcpikef0@sakura.ne.jp,Non-binary,118.150.198.212
542,Ingemar,Downer,idownerf1@cbc.ca,Male,121.90.121.141
543,Barnabe,Cheng,bchengf2@macromedia.com,Male,102.1.235.141
544,Abby,Jertz,ajertzf3@123-reg.co.uk,Male,192.7.101.167
545,Kamillah,Skehens,kskehensf4@techcrunch.com,Female,143.131.247.20
546,Jo-ann,Yurenev,jyurenevf5@gmpg.org,Female,247.115.255.64
547,Nomi,Demare,ndemaref6@yellowpages.com,Female,82.152.39.156
548,Mari,Dumingo,mdumingof7@gov.uk,Non-binary,13.38.142.238
549,Astrix,Gimlet,agimletf8@woothemes.com,Female,181.176.113.141
550,Livvie,Ridwood,lridwoodf9@sun.com,Female,245.132.104.15
551,Patrizio,Westerman,pwestermanfa@accuweather.com,Male,154.204.152.134
552,Georges,Gorges,ggorgesfb@hatena.ne.jp,Male,241.15.100.40
553,Andy,Maidstone,amaidstonefc@unicef.org,Male,231.171.79.205
554,Haley,Cantu,hcantufd@hao123.com,Male,62.207.26.86
555,Roth,Kippen,rkippenfe@com.com,Male,110.179.61.92
556,Thomasin,Bickersteth,tbickerstethff@youku.com,Agender,112.21.190.4
557,Keelby,Pafford,kpaffordfg@cdc.gov,Male,223.57.32.226
558,Dar,Ofield,dofieldfh@umn.edu,Male,32.64.155.134
559,Krishna,Pitrollo,kpitrollofi@posterous.com,Male,190.90.63.31
560,Elli,Mackinder,emackinderfj@yellowbook.com,Genderqueer,44.79.202.167
561,Ginevra,Coatham,gcoathamfk@cisco.com,Female,73.235.247.151
562,Liliane,Olczak,lolczakfl@hexun.com,Female,17.207.52.96
563,Cord,Pawlik,cpawlikfm@engadget.com,Non-binary,73.56.57.78
564,Lambert,Cheyne,lcheynefn@blinklist.com,Male,117.145.189.250
565,Becca,Harner,bharnerfo@icq.com,Female,202.33.239.70
566,Laureen,Feehily,lfeehilyfp@usatoday.com,Female,230.163.90.42
567,Madel,Kerfut,mkerfutfq@amazon.co.uk,Female,14.18.222.27
568,Cathrine,Goulbourn,cgoulbournfr@wikia.com,Female,182.168.6.119
569,Ximenez,Hullot,xhullotfs@trellian.com,Male,235.158.135.165
570,Lydon,Stearn,lstearnft@xinhuanet.com,Male,137.163.28.219
571,Page,Atwel,patwelfu@imgur.com,Male,216.187.208.81
572,Calypso,Guarnier,cguarnierfv@spiegel.de,Bigender,121.144.52.130
573,Tisha,Edards,tedardsfw@google.cn,Female,204.185.167.160
574,Cyrille,Tyhurst,ctyhurstfx@studiopress.com,Male,100.138.235.255
575,Catarina,Wickling,cwicklingfy@pcworld.com,Female,153.21.36.16
576,Man,Corke,mcorkefz@cpanel.net,Male,81.202.213.121
577,Alasdair,Cox,acoxg0@purevolume.com,Male,222.201.85.14
578,Myra,Newick,mnewickg1@netvibes.com,Female,209.43.163.252
579,Alfie,Leale,alealeg2@patch.com,Male,13.134.226.238
580,Boone,Ferrero,bferrerog3@smugmug.com,Male,200.59.178.16
581,Melli,Seedhouse,mseedhouseg4@is.gd,Female,169.188.145.131
582,Barby,Veighey,bveigheyg5@hugedomains.com,Female,137.123.2.89
583,Emilia,Frapwell,efrapwellg6@dailymail.co.uk,Female,90.43.29.56
584,Jenifer,MacLaughlin,jmaclaughling7@mit.edu,Female,236.94.99.131
585,Madelene,Lamping,mlampingg8@springer.com,Female,146.146.95.106
586,Skylar,Konert,skonertg9@tuttocitta.it,Male,82.32.168.210
587,Brandtr,Hecks,bhecksga@indiatimes.com,Male,252.220.11.26
588,Kimbra,Morston,kmorstongb@hud.gov,Female,59.172.171.131
589,Franz,Axtonne,faxtonnegc@edublogs.org,Male,157.19.233.110
590,Lazaro,McFadin,lmcfadingd@scientificamerican.com,Male,20.253.110.17
591,Lucy,Riseborough,lriseboroughge@nsw.gov.au,Female,52.227.186.79
592,Agatha,Scamerdine,ascamerdinegf@scribd.com,Female,140.233.74.213
593,Lynette,Stacey,lstaceygg@mashable.com,Female,83.227.87.185
594,Alanah,Penman,apenmangh@jugem.jp,Female,3.181.147.103
595,Gertrudis,Rawstron,grawstrongi@shinystat.com,Female,77.177.174.15
596,Candace,Ashlin,cashlingj@intel.com,Female,163.75.104.60
597,Kingsly,Dagleas,kdagleasgk@reddit.com,Male,133.136.202.83
598,Hester,Steinor,hsteinorgl@skyrock.com,Polygender,111.130.243.249
599,Raven,Kopelman,rkopelmangm@howstuffworks.com,Female,163.116.230.24
600,Leodora,Tomei,ltomeign@latimes.com,Female,78.94.180.85
601,Alice,Veregan,averegango@plala.or.jp,Genderqueer,15.254.235.218
602,Jeromy,Coning,jconinggp@nyu.edu,Male,253.88.172.90
603,Domenic,Noell,dnoellgq@cbsnews.com,Male,69.151.195.221
604,Ernest,Cutridge,ecutridgegr@bbc.co.uk,Male,36.156.147.40
605,Consalve,MacNeilage,cmacneilagegs@yandex.ru,Male,35.121.18.107
606,Casey,Bruhn,cbruhngt@shop-pro.jp,Male,217.77.122.4
607,Val,Jacklings,vjacklingsgu@webmd.com,Male,160.148.98.23
608,Carol-jean,Elderfield,celderfieldgv@edublogs.org,Female,246.184.166.11
609,Kaela,Tevlin,ktevlingw@amazon.co.uk,Female,204.135.101.76
610,Peterus,Dudenie,pdudeniegx@upenn.edu,Male,206.88.212.134
611,Randie,Davidi,rdavidigy@mashable.com,Female,30.4.165.199
612,Charley,Savill,csavillgz@vk.com,Male,87.203.198.122
613,Schuyler,Capehorn,scapehornh0@qq.com,Male,75.5.17.198
614,Colet,Ginger,cgingerh1@chicagotribune.com,Male,73.96.201.61
615,Dominick,Duckels,dduckelsh2@woothemes.com,Male,155.244.161.64
616,Lewie,Ellit,lellith3@washington.edu,Male,245.176.133.163
617,Devy,Dymock,ddymockh4@sohu.com,Male,206.115.212.81
618,Andrej,Gogie,agogieh5@addthis.com,Male,194.7.15.73
619,Gwenni,Ledes,gledesh6@edublogs.org,Female,196.170.60.160
620,Rhodie,Scalera,rscalerah7@timesonline.co.uk,Female,63.187.143.255
621,Maritsa,Hornbuckle,mhornbuckleh8@fc2.com,Female,106.47.185.169
622,Feliza,Hickinbottom,fhickinbottomh9@usatoday.com,Female,85.228.95.190
623,Suzy,Shewry,sshewryha@msu.edu,Agender,12.10.104.69
624,Eddie,Tillman,etillmanhb@paypal.com,Female,211.65.126.169
625,Liliane,Deverille,ldeverillehc@un.org,Female,132.142.88.222
626,Jacquelynn,Barribal,jbarribalhd@hud.gov,Female,56.87.162.209
627,Vickie,Pacey,vpaceyhe@mozilla.org,Female,109.214.32.142
628,Rhianon,Ivakhin,rivakhinhf@vimeo.com,Female,167.153.198.188
629,Blaire,Halton,bhaltonhg@printfriendly.com,Female,31.214.128.33
630,Iorgos,Dawid,idawidhh@paginegialle.it,Male,242.235.151.67
631,Leta,Nehl,lnehlhi@domainmarket.com,Female,196.105.36.152
632,Karlee,Androck,kandrockhj@studiopress.com,Female,110.196.192.35
633,Evangeline,Gilligan,egilliganhk@cargocollective.com,Female,207.131.207.64
634,Munroe,Lauridsen,mlauridsenhl@simplemachines.org,Male,87.197.119.197
635,Carin,Ojeda,cojedahm@apple.com,Female,236.62.149.13
636,Glenna,Prantl,gprantlhn@unblog.fr,Female,185.0.138.27
637,Krystyna,Malsher,kmalsherho@google.ru,Female,210.240.44.187
638,Timothy,Ratnege,tratnegehp@hatena.ne.jp,Male,168.17.27.216
639,Fletch,Webb-Bowen,fwebbbowenhq@mapy.cz,Male,29.241.19.230
640,Garreth,Groucutt,ggroucutthr@hexun.com,Male,46.66.49.205
641,Brandais,Andri,bandrihs@redcross.org,Female,110.96.12.166
642,Shermie,M'Barron,smbarronht@opera.com,Non-binary,196.242.108.11
643,Dreddy,Logg,dlogghu@seattletimes.com,Female,157.236.214.84
644,Lorette,Rigmand,lrigmandhv@comsenz.com,Female,97.246.7.191
645,Jecho,Vanichev,jvanichevhw@t-online.de,Male,238.81.3.230
646,Hort,Dobrovolny,hdobrovolnyhx@huffingtonpost.com,Male,105.138.15.207
647,Ranna,Allnutt,rallnutthy@youtube.com,Female,255.209.62.142
648,Jeremie,Landeaux,jlandeauxhz@cbslocal.com,Male,158.168.88.88
649,Sissy,St Leger,sstlegeri0@cdc.gov,Female,15.66.52.159
650,Harlin,Lorence,hlorencei1@i2i.jp,Male,139.113.102.224
651,Ranice,Compton,rcomptoni2@businessinsider.com,Non-binary,173.23.49.190
652,Annmaria,Blancowe,ablancowei3@pen.io,Female,243.84.139.230
653,Brant,Kliesl,bkliesli4@imdb.com,Male,207.171.148.167
654,Mohandis,Poulglais,mpoulglaisi5@t.co,Male,164.135.70.165
655,Alida,Dranfield,adranfieldi6@ebay.com,Female,152.194.46.216
656,Lauren,Levay,llevayi7@home.pl,Male,176.216.196.66
657,Taddeusz,Imesson,timessoni8@is.gd,Male,235.200.148.85
658,Lemmy,Philpott,lphilpotti9@fc2.com,Male,29.217.43.230
659,Tate,Gonzales,tgonzalesia@nature.com,Female,125.165.226.11
660,Elaina,Donati,edonatiib@house.gov,Female,103.59.138.247
661,Dolli,Mateescu,dmateescuic@com.com,Female,167.136.83.5
662,Kiri,Scardafield,kscardafieldid@sun.com,Female,168.102.130.106
663,Afton,Holcroft,aholcroftie@topsy.com,Female,228.12.172.197
664,Bevvy,Fowler,bfowlerif@biblegateway.com,Female,71.84.69.166
665,Ettie,Ivashin,eivashinig@deliciousdays.com,Female,44.121.175.1
666,Janetta,Gianinotti,jgianinottiih@adobe.com,Female,181.170.12.85
667,Bondy,Briamo,bbriamoii@sfgate.com,Male,2.147.29.62
668,Rikki,Sambrok,rsambrokij@ft.com,Male,140.130.116.141
669,Waylon,Dmitr,wdmitrik@google.cn,Male,164.95.236.130
670,Kate,Mumby,kmumbyil@digg.com,Female,109.201.142.240
671,Cleo,Joselson,cjoselsonim@fotki.com,Female,87.86.244.178
672,Jemmy,Brunning,jbrunningin@google.com.hk,Female,55.156.91.10
673,Melicent,McCurtin,mmccurtinio@spotify.com,Bigender,43.228.183.55
674,Adan,Castanyer,acastanyerip@cyberchimps.com,Female,86.76.109.11
675,Hendrik,Ricketts,hrickettsiq@cyberchimps.com,Male,212.11.20.131
676,Stanwood,Scarratt,sscarrattir@psu.edu,Male,115.126.149.93
677,Terrye,Boote,tbooteis@hubpages.com,Female,210.159.19.13
678,Morissa,Domenichelli,mdomenichelliit@51.la,Non-binary,222.15.253.176
679,Yank,Benjamin,ybenjaminiu@furl.net,Male,166.6.105.170
680,Kliment,Kavanagh,kkavanaghiv@google.ca,Male,175.247.6.123
681,Miriam,Jellett,mjellettiw@barnesandnoble.com,Female,188.62.243.217
682,Ferdie,Saxon,fsaxonix@hhs.gov,Male,175.140.133.38
683,Alvira,Crellin,acrelliniy@i2i.jp,Female,224.224.19.84
684,Fiann,Batty,fbattyiz@vkontakte.ru,Female,126.211.195.84
685,Reid,Potbury,rpotburyj0@soup.io,Male,6.149.160.163
686,Karol,Reilingen,kreilingenj1@ebay.co.uk,Female,185.53.143.83
687,Kristine,Whordley,kwhordleyj2@prlog.org,Female,249.23.69.161
688,Halsey,Catenot,hcatenotj3@nhs.uk,Male,130.18.44.75
689,Gale,Rennolds,grennoldsj4@yahoo.com,Male,205.44.101.124
690,Tommy,Popplewell,tpopplewellj5@sourceforge.net,Genderqueer,195.38.49.123
691,Gray,Ryhorovich,gryhorovichj6@reference.com,Female,250.16.157.76
692,Jessey,Hurdman,jhurdmanj7@liveinternet.ru,Male,80.138.218.255
693,Jeanna,Curd,jcurdj8@netscape.com,Female,173.251.103.202
694,Carla,Scutchin,cscutchinj9@sourceforge.net,Female,238.53.23.51
695,Luis,McHaffy,lmchaffyja@ibm.com,Male,49.44.31.213
696,Chick,Labdon,clabdonjb@guardian.co.uk,Male,238.158.245.201
697,Enoch,Billingsley,ebillingsleyjc@newyorker.com,Male,37.111.15.175
698,Bernie,Logie,blogiejd@google.co.uk,Female,145.129.183.237
699,Hervey,Dublin,hdublinje@indiatimes.com,Male,109.216.208.241
700,Christian,Barrar,cbarrarjf@harvard.edu,Male,16.242.29.143
701,Caitrin,Woods,cwoodsjg@pen.io,Female,140.147.235.52
702,Jacquenetta,Dutchburn,jdutchburnjh@comcast.net,Female,80.169.127.75
703,Coriss,Corday,ccordayji@live.com,Female,213.81.156.123
704,Skippie,Marousek,smarousekjj@irs.gov,Male,235.68.188.152
705,Marne,Mickleborough,mmickleboroughjk@themeforest.net,Female,6.83.232.104
706,Alyssa,Redbourn,aredbournjl@naver.com,Female,102.129.39.46
707,Shandie,Korf,skorfjm@wordpress.org,Female,116.9.144.58
708,Javier,Clist,jclistjn@cnbc.com,Male,167.7.42.137
709,Ruthann,Mendoza,rmendozajo@multiply.com,Female,120.169.230.204
710,Windy,Alexandersson,walexanderssonjp@cdbaby.com,Female,32.160.39.16
711,Alyce,Hollingsby,ahollingsbyjq@jugem.jp,Female,65.80.97.153
712,Linda,Negal,lnegaljr@europa.eu,Female,131.220.214.168
713,Zacherie,Shercliff,zshercliffjs@ask.com,Male,56.102.27.70
714,Alf,Banting,abantingjt@vk.com,Male,140.99.215.92
715,Hally,Barnaby,hbarnabyju@upenn.edu,Female,200.27.148.249
716,Alexander,Havesides,ahavesidesjv@fotki.com,Male,16.178.204.215
717,Bordy,Rouff,brouffjw@rambler.ru,Male,229.223.56.166
718,Jehu,Maycey,jmayceyjx@digg.com,Male,176.42.66.70
719,Garvin,Rozenzweig,grozenzweigjy@tripadvisor.com,Male,50.14.190.116
720,Ivy,Aronstam,iaronstamjz@webnode.com,Agender,137.18.58.146
721,John,Warcop,jwarcopk0@g.co,Male,40.31.85.157
722,Alexio,Penella,apenellak1@aboutads.info,Male,90.221.160.188
723,Wayne,Dykes,wdykesk2@tuttocitta.it,Male,186.117.60.204
724,Perrine,Norgate,pnorgatek3@hhs.gov,Female,209.137.242.12
725,Yehudi,Chattelaine,ychattelainek4@slate.com,Genderqueer,104.170.144.10
726,Celinda,Dubose,cdubosek5@myspace.com,Female,121.225.174.168
727,Uriel,Bosche,uboschek6@gov.uk,Male,238.174.74.35
728,Jocko,Buddell,jbuddellk7@cnet.com,Male,197.143.129.243
729,Neille,Crummay,ncrummayk8@comcast.net,Female,21.114.117.31
730,Thain,Spurrett,tspurrettk9@pen.io,Male,231.170.101.35
731,Kean,Trevna,ktrevnaka@microsoft.com,Male,251.66.4.166
732,Lothaire,Chater,lchaterkb@vkontakte.ru,Male,203.189.36.159
733,Tarra,Quinsee,tquinseekc@list-manage.com,Bigender,89.49.245.109
734,Derward,Andreopolos,dandreopoloskd@java.com,Male,253.189.221.97
735,Caty,Bunston,cbunstonke@woothemes.com,Female,218.173.210.157
736,Price,Aspinal,paspinalkf@bbc.co.uk,Male,5.172.187.122
737,Cherianne,Rozalski,crozalskikg@github.io,Genderqueer,150.128.65.100
738,Ariella,Keune,akeunekh@booking.com,Female,126.71.37.71
739,Jeff,Kegg,jkeggki@theguardian.com,Male,112.55.128.13
740,Harrison,Tomas,htomaskj@thetimes.co.uk,Male,225.69.183.74
741,Mayer,Hewes,mheweskk@amazon.com,Male,207.98.184.175
742,Amara,Graalmans,agraalmanskl@independent.co.uk,Female,5.191.46.152
743,Fair,Eslie,fesliekm@state.gov,Agender,97.193.236.169
744,Dani,Jozsika,djozsikakn@list-manage.com,Genderqueer,11.22.26.179
745,Raimondo,Shakespeare,rshakespeareko@weibo.com,Male,96.91.168.220
746,Lowell,Touhig,ltouhigkp@java.com,Male,58.72.227.181
747,Thor,Petrusch,tpetruschkq@tripadvisor.com,Male,172.242.119.11
748,Romola,Meakin,rmeakinkr@diigo.com,Female,22.159.123.162
749,Pepillo,Howarth,phowarthks@vinaora.com,Male,71.200.198.35
750,Calli,Batecok,cbatecokkt@hud.gov,Female,236.28.9.200
751,Afton,Radleigh,aradleighku@house.gov,Female,137.158.179.2
752,Annetta,Portail,aportailkv@diigo.com,Female,120.149.106.62
753,Forester,Madre,fmadrekw@unblog.fr,Male,222.78.14.34
754,Cherin,Alasdair,calasdairkx@indiatimes.com,Female,77.82.236.40
755,Bret,Champe,bchampeky@mail.ru,Male,50.24.200.116
756,Paten,Krienke,pkrienkekz@miitbeian.gov.cn,Male,6.94.59.93
757,Sherwynd,Colbert,scolbertl0@xrea.com,Male,111.116.10.211
758,Sher,Benge,sbengel1@boston.com,Female,245.3.92.250
759,Faina,Beardshall,fbeardshalll2@ifeng.com,Agender,120.85.160.20
760,Webb,Bodega,wbodegal3@w3.org,Male,68.104.219.135
761,Arabella,Keets,akeetsl4@google.cn,Female,209.221.224.233
762,Nellie,Bourthouloume,nbourthouloumel5@tinyurl.com,Female,183.27.133.189
763,Cristie,Colrein,ccolreinl6@slideshare.net,Female,209.233.252.119
764,Aaren,McPhee,amcpheel7@nydailynews.com,Female,83.88.41.243
765,Leroi,Fynan,lfynanl8@umich.edu,Male,32.136.72.190
766,Kelsey,Temperton,ktempertonl9@elegantthemes.com,Male,20.81.163.43
767,Ruby,Wilds,rwildsla@i2i.jp,Male,79.140.17.247
768,Ketti,Goldstein,kgoldsteinlb@wiley.com,Female,187.254.241.152
769,Haze,Pigney,hpigneylc@mlb.com,Male,25.89.148.116
770,Chester,Castellino,ccastellinold@si.edu,Male,35.44.48.54
771,Doris,Cavozzi,dcavozzile@ehow.com,Female,142.142.140.110
772,Bryan,Chifney,bchifneylf@mail.ru,Male,89.179.122.21
773,Annabel,Rivalland,arivallandlg@who.int,Female,208.88.133.156
774,Robena,Atrill,ratrilllh@surveymonkey.com,Female,168.18.237.243
775,Donn,Beedom,dbeedomli@reference.com,Male,252.118.202.67
776,Reamonn,Verny,rvernylj@instagram.com,Male,212.37.99.241
777,Mandel,Marian,mmarianlk@shareasale.com,Male,184.134.203.16
778,Darcy,Stainsby,dstainsbyll@about.me,Female,50.231.44.212
779,Connie,Corballis,ccorballislm@google.de,Female,91.164.40.92
780,Dieter,Lyptrade,dlyptradeln@europa.eu,Male,110.166.47.99
781,Morganne,Burker,mburkerlo@reverbnation.com,Female,179.114.155.68
782,Fowler,Odd,foddlp@boston.com,Male,241.9.188.207
783,Melisse,Whittle,mwhittlelq@flickr.com,Female,208.63.145.74
784,Elisha,Tylor,etylorlr@wisc.edu,Agender,44.246.239.197
785,Janene,Boundey,jboundeyls@bizjournals.com,Female,195.39.142.129
786,Ezmeralda,Tillot,etillotlt@mapy.cz,Female,60.231.83.162
787,Carmine,Rossey,crosseylu@wikia.com,Female,119.70.143.1
788,Emmalee,Simmings,esimmingslv@artisteer.com,Female,63.18.100.20
789,Regan,Dresche,rdreschelw@php.net,Male,49.39.185.186
790,Bennie,Jochen,bjochenlx@aboutads.info,Genderqueer,64.147.138.190
791,Aurthur,Petriello,apetrielloly@uol.com.br,Male,154.137.252.131
792,Howard,Venour,hvenourlz@printfriendly.com,Male,168.98.8.85
793,Meaghan,Staziker,mstazikerm0@newyorker.com,Female,120.45.22.194
794,Adlai,Chaucer,achaucerm1@bloomberg.com,Male,67.245.36.240
795,Giorgia,Leinthall,gleinthallm2@moonfruit.com,Female,106.70.130.197
796,Asa,Burmingham,aburminghamm3@princeton.edu,Male,115.238.42.62
797,Anna-diane,Wingatt,awingattm4@va.gov,Female,148.228.250.162
798,Benjamin,Duncan,bduncanm5@bigcartel.com,Male,69.124.225.93
799,Kristina,Pietroni,kpietronim6@w3.org,Female,54.160.23.147
800,Whitby,Ducarne,wducarnem7@wp.com,Male,20.161.201.221
801,Konrad,Flemmich,kflemmichm8@nba.com,Male,251.166.18.209
802,Olivier,Longbone,olongbonem9@goodreads.com,Male,118.196.56.184
803,Glenn,Bennetto,gbennettoma@naver.com,Male,245.244.169.37
804,Cedric,Bartoleyn,cbartoleynmb@dyndns.org,Male,210.197.246.178
805,Sutherlan,Feeney,sfeeneymc@hc360.com,Male,240.177.246.213
806,Roddie,Wyre,rwyremd@indiatimes.com,Male,31.240.4.119
807,Margarethe,Djurisic,mdjurisicme@stumbleupon.com,Bigender,159.131.121.253
808,Angil,Horsell,ahorsellmf@unblog.fr,Female,67.194.220.143
809,Laureen,Feaveryear,lfeaveryearmg@addthis.com,Female,61.173.25.223
810,Katuscha,Foxwell,kfoxwellmh@t-online.de,Female,224.65.218.26
811,Sianna,Child,schildmi@cloudflare.com,Female,191.242.126.32
812,Morgan,Dracksford,mdracksfordmj@cdbaby.com,Male,108.5.94.90
813,Karlens,Witherow,kwitherowmk@goodreads.com,Male,230.94.6.113
814,Waldon,Paris,wparisml@cbslocal.com,Male,31.157.67.143
815,Krisha,Feckey,kfeckeymm@goo.ne.jp,Male,46.24.163.82
816,Batholomew,Bloodworth,bbloodworthmn@topsy.com,Male,81.107.173.239
817,Duffie,Nevin,dnevinmo@canalblog.com,Male,123.28.159.52
818,Tabatha,Belcham,tbelchammp@go.com,Female,4.143.253.219
819,Colline,Olivelli,colivellimq@moonfruit.com,Female,213.13.5.209
820,Pierette,Belison,pbelisonmr@infoseek.co.jp,Female,156.182.32.190
821,Sigismond,Pyott,spyottms@homestead.com,Male,77.4.121.247
822,Kris,Waine,kwainemt@i2i.jp,Male,116.99.209.119
823,Loni,Bunclark,lbunclarkmu@state.gov,Female,177.200.250.138
824,Evelina,Siburn,esiburnmv@myspace.com,Female,183.130.223.117
825,Mikaela,Rowena,mrowenamw@alexa.com,Female,162.0.244.73
826,Freddie,Pittendreigh,fpittendreighmx@live.com,Female,221.65.199.9
827,Kattie,Donat,kdonatmy@oracle.com,Female,183.127.130.69
828,York,Gurnell,ygurnellmz@illinois.edu,Male,2.33.223.203
829,Allissa,Zorzenoni,azorzenonin0@4shared.com,Female,148.127.7.81
830,Felic,Stutt,fstuttn1@unc.edu,Male,144.118.97.21
831,Elinore,Gland,eglandn2@imdb.com,Female,88.155.141.60
832,Lowe,Skipperbottom,lskipperbottomn3@upenn.edu,Male,232.75.5.115
833,Antonio,Pikhno,apikhnon4@hatena.ne.jp,Male,238.175.242.248
834,Augusta,Andrzejowski,aandrzejowskin5@pbs.org,Female,102.179.218.128
835,Dru,Larenson,dlarensonn6@shop-pro.jp,Male,199.86.203.137
836,Meredeth,Romaint,mromaintn7@illinois.edu,Male,29.215.8.106
837,Araldo,Casado,acasadon8@tripod.com,Male,110.58.187.237
838,Heindrick,Crayker,hcraykern9@i2i.jp,Male,44.130.117.77
839,Marcello,Laingmaid,mlaingmaidna@g.co,Male,164.98.179.21
840,Kari,Fowden,kfowdennb@canalblog.com,Female,173.30.17.215
841,Ericha,Praundl,epraundlnc@sbwire.com,Female,99.40.129.151
842,Marlon,Kendrick,mkendricknd@reuters.com,Male,197.97.211.243
843,Gae,Clears,gclearsne@wsj.com,Bigender,229.54.167.20
844,Alica,Mayell,amayellnf@si.edu,Female,187.206.183.105
845,Piper,Megarry,pmegarryng@godaddy.com,Female,49.100.49.180
846,Blondy,Berrow,bberrownh@etsy.com,Female,220.2.183.95
847,Vonnie,Le Fleming,vleflemingni@so-net.ne.jp,Female,39.16.139.78
848,Gloriana,Colvine,gcolvinenj@netscape.com,Female,125.18.226.228
849,Chadd,Cuddihy,ccuddihynk@tripod.com,Male,40.25.125.178
850,Conrado,Cottey,ccotteynl@netvibes.com,Male,125.204.119.89
851,Chrissy,Guppy,cguppynm@hatena.ne.jp,Female,206.103.213.143
852,Brandie,Tuffrey,btuffreynn@ihg.com,Female,201.19.23.8
853,Lara,Arnall,larnallno@ebay.co.uk,Female,149.37.200.201
854,Pollyanna,Ayscough,payscoughnp@house.gov,Female,211.11.234.196
855,Mozes,Coulthard,mcoulthardnq@wikipedia.org,Male,146.173.141.86
856,Ronnie,Hodgets,rhodgetsnr@flavors.me,Female,188.189.205.184
857,Eberto,Slott,eslottns@wisc.edu,Male,14.1.41.145
858,Fleming,Brettor,fbrettornt@altervista.org,Male,59.202.106.157
859,Allister,Van Velde,avanveldenu@wordpress.org,Male,220.116.252.116
860,Lorilee,Mather,lmathernv@icq.com,Female,76.141.132.214
861,Abdul,Ferrettini,aferrettininw@sourceforge.net,Male,39.136.91.105
862,Wesley,Dunsleve,wdunslevenx@live.com,Male,57.211.182.96
863,Bondy,Louca,bloucany@psu.edu,Non-binary,64.250.28.56
864,Freida,Whatman,fwhatmannz@senate.gov,Female,193.200.18.207
865,Goldarina,Mahmood,gmahmoodo0@pcworld.com,Female,144.232.49.185
866,Paolo,Simmill,psimmillo1@unc.edu,Male,6.104.242.74
867,Mable,Fuente,mfuenteo2@cisco.com,Female,64.127.179.43
868,Lani,Nunn,lnunno3@wisc.edu,Female,117.217.246.248
869,Eleonore,Podbury,epodburyo4@vistaprint.com,Female,22.177.242.142
870,Earvin,Metts,emettso5@comsenz.com,Male,67.64.71.1
871,Mordy,Iannazzi,miannazzio6@about.me,Male,36.38.237.89
872,Lotte,Chomicz,lchomiczo7@virginia.edu,Female,165.90.205.247
873,Tomasine,Getch,tgetcho8@seattletimes.com,Female,23.212.209.89
874,Elbert,Uphill,euphillo9@indiegogo.com,Non-binary,116.197.10.140
875,Elmer,Olerenshaw,eolerenshawoa@scribd.com,Male,138.142.185.181
876,Brandon,Shaul,bshaulob@google.com,Male,2.45.85.109
877,Tammie,Seabon,tseabonoc@woothemes.com,Polygender,5.115.173.69
878,Allyson,Gabbatt,agabbattod@cbc.ca,Female,95.4.71.92
879,Henryetta,Leahair,hleahairoe@tripadvisor.com,Female,138.7.71.244
880,Alvin,Abramowsky,aabramowskyof@ustream.tv,Male,220.100.157.27
881,Carroll,Hugonneau,chugonneauog@shutterfly.com,Male,101.84.41.36
882,Faunie,Hiner,fhineroh@icq.com,Genderfluid,60.119.168.73
883,Borg,Dulake,bdulakeoi@multiply.com,Male,211.109.77.98
884,Odie,Follitt,ofollittoj@toplist.cz,Male,70.7.255.14
885,Cinda,Sieve,csieveok@issuu.com,Female,54.142.65.120
886,Boote,Gummow,bgummowol@senate.gov,Male,81.106.169.247
887,Bella,Lomond,blomondom@t-online.de,Female,20.219.187.165
888,Timothy,Phayre,tphayreon@list-manage.com,Male,122.72.27.174
889,Christian,De Meyer,cdemeyeroo@bloglovin.com,Female,131.192.42.240
890,Homer,Dumingo,hdumingoop@etsy.com,Male,45.128.55.127
891,Adeline,Cottee,acotteeoq@pcworld.com,Female,30.33.120.35
892,Hymie,Basek,hbasekor@dailymotion.com,Male,86.42.36.199
893,Merridie,Soames,msoamesos@surveymonkey.com,Female,80.4.29.201
894,Edgar,Tinmouth,etinmouthot@quantcast.com,Male,107.176.255.81
895,Hadley,Markushkin,hmarkushkinou@naver.com,Male,0.174.212.151
896,Jacklin,Duckinfield,jduckinfieldov@google.com.au,Female,66.152.58.188
897,Reinold,Francesch,rfranceschow@marketwatch.com,Male,192.236.103.237
898,Maurita,Franiak,mfraniakox@desdev.cn,Female,246.88.45.26
899,Fawne,Witch,fwitchoy@cam.ac.uk,Female,204.160.195.158
900,Teddie,Colmer,tcolmeroz@cocolog-nifty.com,Male,242.234.116.120
901,Ulrich,Vowell,uvowellp0@shutterfly.com,Male,188.170.126.228
902,Kenn,Kinane,kkinanep1@yellowpages.com,Polygender,220.67.87.47
903,Rolfe,Gillicuddy,rgillicuddyp2@dyndns.org,Genderfluid,200.206.214.86
904,Emmy,Scranney,escranneyp3@arstechnica.com,Female,230.20.25.110
905,Henrie,Redmile,hredmilep4@wisc.edu,Non-binary,156.7.161.56
906,Loree,Leverson,lleversonp5@sitemeter.com,Female,2.214.120.169
907,Lucia,Stanmer,lstanmerp6@marketwatch.com,Female,127.146.243.253
908,Say,Holleworth,sholleworthp7@time.com,Male,92.120.71.80
909,Reade,Masurel,rmasurelp8@nasa.gov,Male,204.147.177.218
910,Chandler,Adamthwaite,cadamthwaitep9@princeton.edu,Genderqueer,133.60.246.174
911,Jere,Berthouloume,jberthouloumepa@ucoz.ru,Male,169.54.209.248
912,Meghann,Waistall,mwaistallpb@lulu.com,Female,169.44.185.179
913,Salvador,Dioniso,sdionisopc@phoca.cz,Male,136.222.119.203
914,Carolin,Medeway,cmedewaypd@weebly.com,Female,199.148.154.199
915,Liuka,Upfold,lupfoldpe@hao123.com,Female,46.226.23.190
916,Torrence,Tethcote,ttethcotepf@nydailynews.com,Male,122.237.175.148
917,Shanda,Giovannacci,sgiovannaccipg@dyndns.org,Female,20.249.74.133
918,Ryun,Grimolbie,rgrimolbieph@shop-pro.jp,Male,86.102.39.94
919,Kalindi,Truitt,ktruittpi@miitbeian.gov.cn,Female,85.65.4.166
920,Alyssa,Stillmann,astillmannpj@epa.gov,Female,209.99.114.62
921,Livy,Redish,lredishpk@berkeley.edu,Agender,234.221.51.44
922,Joshua,Chitson,jchitsonpl@behance.net,Male,33.105.26.68
923,Maribeth,Pummell,mpummellpm@topsy.com,Female,193.229.173.170
924,Wilbur,Dodgson,wdodgsonpn@blogger.com,Male,232.143.96.40
925,Kip,Conre,kconrepo@goo.gl,Male,124.194.44.72
926,Jemmie,Caddie,jcaddiepp@deviantart.com,Female,70.221.233.189
927,Marigold,Burchatt,mburchattpq@wikia.com,Female,100.18.20.200
928,Spenser,Woodyeare,swoodyearepr@shop-pro.jp,Male,204.199.217.43
929,Lorant,Medley,lmedleyps@php.net,Male,152.167.72.217
930,Bartolomeo,Long,blongpt@scientificamerican.com,Male,48.155.226.110
931,Lindi,Hearley,lhearleypu@youku.com,Female,175.11.136.160
932,Merle,Pesik,mpesikpv@discuz.net,Male,101.173.152.44
933,Garrard,Grishechkin,ggrishechkinpw@arstechnica.com,Male,203.239.62.131
934,Woodrow,Corston,wcorstonpx@timesonline.co.uk,Male,207.62.233.115
935,Mile,Jeanneau,mjeanneaupy@ehow.com,Male,161.123.110.85
936,Phillida,McDowall,pmcdowallpz@aol.com,Female,102.17.173.181
937,Quinn,Howlings,qhowlingsq0@multiply.com,Male,158.158.181.62
938,Allsun,Doughartie,adoughartieq1@mapquest.com,Female,222.53.222.5
939,Camel,Carn,ccarnq2@unesco.org,Female,11.72.133.194
940,Seth,Manicomb,smanicombq3@cisco.com,Male,123.31.49.17
941,Alonzo,Bolstridge,abolstridgeq4@home.pl,Male,221.77.29.54
942,Ertha,Cortes,ecortesq5@hao123.com,Female,146.141.52.173
943,Brittni,Strother,bstrotherq6@51.la,Female,183.88.39.234
944,Rowan,Elderkin,relderkinq7@fema.gov,Male,76.52.3.164
945,Amalle,Hryniewicki,ahryniewickiq8@icio.us,Female,234.0.130.176
946,Dannye,Iacoviello,diacovielloq9@i2i.jp,Female,194.137.9.160
947,Ashli,Koeppke,akoeppkeqa@sogou.com,Genderqueer,137.174.244.245
948,Jodi,Hugnet,jhugnetqb@usatoday.com,Male,133.243.15.113
949,Den,Kenelin,dkenelinqc@trellian.com,Male,182.82.23.147
950,Herbie,Mardle,hmardleqd@wikispaces.com,Polygender,203.103.21.84
951,Georgianne,Bartolomucci,gbartolomucciqe@technorati.com,Female,194.181.209.168
952,Leona,Bletcher,lbletcherqf@gizmodo.com,Female,198.43.253.125
953,Issiah,Raggles,iragglesqg@123-reg.co.uk,Male,229.34.11.145
954,Sibel,Lasham,slashamqh@chronoengine.com,Female,142.25.151.127
955,Nicky,Briscoe,nbriscoeqi@networkadvertising.org,Female,23.198.84.169
956,Laurene,Basketfield,lbasketfieldqj@nasa.gov,Female,33.54.243.48
957,Hale,Goodinge,hgoodingeqk@pcworld.com,Male,53.222.58.29
958,Leanna,Paradise,lparadiseql@g.co,Bigender,138.216.61.5
959,Catlaina,Able,cableqm@japanpost.jp,Female,58.214.157.112
960,Cece,Douris,cdourisqn@linkedin.com,Male,156.205.175.63
961,Elbertine,Doy,edoyqo@pinterest.com,Genderqueer,50.222.92.117
962,Andros,Eglise,aegliseqp@soundcloud.com,Male,111.255.8.215
963,Kelcie,Clara,kclaraqq@apache.org,Female,14.207.89.40
964,Tybalt,Andrys,tandrysqr@usgs.gov,Male,251.198.203.149
965,Kaleb,Deme,kdemeqs@elegantthemes.com,Agender,24.230.95.3
966,Anne-corinne,New,anewqt@discuz.net,Female,204.181.183.255
967,Berri,Adolthine,badolthinequ@ebay.com,Female,226.22.82.171
968,Trish,Kleinberer,tkleinbererqv@nps.gov,Agender,99.187.2.190
969,Geralda,Duthie,gduthieqw@cocolog-nifty.com,Female,206.136.90.223
970,Yance,Felstead,yfelsteadqx@ftc.gov,Male,99.58.118.106
971,Electra,Shervil,eshervilqy@phoca.cz,Female,162.131.32.113
972,Kally,Gatheral,kgatheralqz@constantcontact.com,Female,71.110.138.113
973,Paul,MacCumiskey,pmaccumiskeyr0@utexas.edu,Male,207.128.164.77
974,Auguste,Kilbourne,akilbourner1@archive.org,Female,20.209.96.251
975,Annabela,Strang,astrangr2@flickr.com,Genderqueer,68.26.61.69
976,Tomasine,Abazi,tabazir3@purevolume.com,Female,61.34.49.192
977,Welby,Spadaro,wspadaror4@newsvine.com,Male,109.226.227.44
978,Kandace,Jeggo,kjeggor5@epa.gov,Female,185.112.233.104
979,Brendon,Ruggiero,bruggieror6@i2i.jp,Male,97.86.221.196
980,Galvan,Matchett,gmatchettr7@quantcast.com,Male,28.216.90.199
981,Gordie,Fittes,gfittesr8@a8.net,Male,159.241.20.186
982,Siobhan,Patifield,spatifieldr9@networkadvertising.org,Female,125.42.236.59
983,Cecelia,Rostern,crosternra@fastcompany.com,Female,236.168.109.214
984,Linn,Ship,lshiprb@engadget.com,Male,254.61.74.188
985,Keefer,Bortoli,kbortolirc@joomla.org,Male,4.167.247.50
986,Arabella,Blackledge,ablackledgerd@skype.com,Female,162.122.7.183
987,Merna,Tumasian,mtumasianre@altervista.org,Female,228.28.105.165
988,Daniela,Bartosek,dbartosekrf@harvard.edu,Female,229.5.65.65
989,Lolly,Furness,lfurnessrg@hubpages.com,Female,136.102.154.64
990,Willetta,Renzullo,wrenzullorh@fc2.com,Female,219.203.226.227
991,Dallis,Belding,dbeldingri@mlb.com,Male,73.75.90.156
992,Wait,Tessier,wtessierrj@cdbaby.com,Male,152.129.255.181
993,Hillery,Wigg,hwiggrk@edublogs.org,Male,199.23.75.203
994,Agathe,Strephan,astrephanrl@dropbox.com,Female,179.224.25.234
995,Reina,Thurston,rthurstonrm@merriam-webster.com,Female,151.174.36.15
996,Schuyler,Braganza,sbraganzarn@imdb.com,Male,139.221.202.208
997,Ranee,O'Loughane,roloughanero@prlog.org,Female,192.159.60.171
998,Selinda,Rablen,srablenrp@reuters.com,Female,137.220.53.37
999,Nert,Aucock,naucockrq@wsj.com,Genderqueer,134.98.105.96
1000,Freemon,Tidey,ftideyrr@toplist.cz,Male,50.196.7.166
